Symbol,Date,Open,High,Low,Close,Volume
AAPL,2024-11-22,228.0600,230.7199,228.0600,229.8700,37011787
AAPL,2024-11-21,228.8800,230.1550,225.7103,228.5200,42108327
AAPL,2024-11-20,228.0600,229.9300,225.8900,229.0000,35169566
AAPL,2024-11-19,226.9800,230.1600,226.6600,228.2800,36211774
AAPL,2024-11-18,225.2500,229.7400,225.1700,228.0200,44686020
AAPL,2024-11-15,226.4000,226.9200,224.2700,225.0000,47923696
AAPL,2024-11-14,225.0200,228.8700,225.0000,228.2200,44923941
AAPL,2024-11-13,224.0100,226.6500,222.7600,225.1200,48566217
AAPL,2024-11-12,224.5500,225.5900,223.3550,224.2300,40398299
AAPL,2024-11-11,225.0000,225.7000,221.5000,224.2300,42005602
AAPL,2024-11-08,227.1700,228.6600,226.4050,226.9600,38328824
AAPL,2024-11-07,224.6250,227.8750,224.5700,227.4800,42137691
AAPL,2024-11-06,222.6100,226.0650,221.1900,222.7200,54561121
AAPL,2024-11-05,221.7950,223.9500,221.1400,223.4500,28111338
AAPL,2024-11-04,220.9900,222.7900,219.7100,222.0100,44944468
AAPL,2024-11-01,220.9650,225.3500,220.2700,222.9100,65276741
AAPL,2024-10-31,229.3400,229.8300,225.3700,225.9100,64370086
AAPL,2024-10-30,232.6100,233.4700,229.5500,230.1000,47070907
AAPL,2024-10-29,233.1000,234.3250,232.3200,233.6700,35417247
AAPL,2024-10-28,233.3200,234.7300,232.5500,233.4000,36087134
AAPL,2024-10-25,229.7400,233.2200,229.5700,231.4100,38802304
AAPL,2024-10-24,229.9800,230.8200,228.4100,230.5700,31109503
AAPL,2024-10-23,234.0800,235.1440,227.7600,230.7600,52286979
AAPL,2024-10-22,233.8850,236.2200,232.6000,235.8600,38846578
AAPL,2024-10-21,234.4500,236.8500,234.4500,236.4800,36254470
AAPL,2024-10-18,236.1800,236.1800,234.0100,235.0000,46431472
AAPL,2024-10-17,233.4300,233.8500,230.5200,232.1500,32993810
AAPL,2024-10-16,231.6000,232.1200,229.8400,231.7800,34082240
AAPL,2024-10-15,233.6100,237.4900,232.3700,233.8500,64751367
AAPL,2024-10-14,228.7000,231.7300,228.6000,231.3000,39882085
AAPL,2024-10-11,229.3000,229.4100,227.3400,227.5500,31759188
AAPL,2024-10-10,227.7800,229.5000,227.1700,229.0400,28183544
AAPL,2024-10-09,225.2300,229.7500,224.8300,229.5400,33591091
AAPL,2024-10-08,224.3000,225.9800,223.2500,225.7700,31855693
AAPL,2024-10-07,224.5000,225.6900,221.3300,221.6900,39505354
AAPL,2024-10-04,227.9000,228.0000,224.1300,226.8000,37345098
AAPL,2024-10-03,225.1400,226.8050,223.3200,225.6700,34044158
AAPL,2024-10-02,225.8900,227.3700,223.0200,226.7800,32880605
AAPL,2024-10-01,229.5200,229.6500,223.7400,226.2100,63285048
AAPL,2024-09-30,230.0400,233.0000,229.6500,233.0000,54793391
AAPL,2024-09-27,228.4600,229.5200,227.3000,227.7900,34025967
AAPL,2024-09-26,227.3000,228.5000,225.4100,227.5200,36636707
AAPL,2024-09-25,224.9300,227.2900,224.0200,226.3700,42308715
AAPL,2024-09-24,228.6450,229.3500,225.7300,227.3700,43556068
AAPL,2024-09-23,227.3400,229.4500,225.8100,226.4700,54146023
AAPL,2024-09-20,229.9700,233.0900,227.6200,228.2000,318679888
AAPL,2024-09-19,224.9900,229.8200,224.6300,228.8700,66781315
AAPL,2024-09-18,217.5500,222.7100,217.5400,220.6900,59894928
AAPL,2024-09-17,215.7500,216.9000,214.5000,216.7900,45519339
AAPL,2024-09-16,216.5400,217.2200,213.9200,216.3200,59357427
AAPL,2024-09-13,223.5800,224.0400,221.9100,222.5000,36766619
AAPL,2024-09-12,222.5000,223.5500,219.8200,222.7700,37498225
AAPL,2024-09-11,221.4550,223.0900,217.8900,222.6600,44587072
AAPL,2024-09-10,218.9200,221.4800,216.7300,220.1100,51591033
AAPL,2024-09-09,220.8200,221.2700,216.7100,220.9100,67179965
AAPL,2024-09-06,223.9500,225.2400,219.7700,220.8200,48423011
AAPL,2024-09-05,221.6250,225.4800,221.5200,222.3800,36615398
AAPL,2024-09-04,221.6600,221.7800,217.4800,220.8500,43262758
AAPL,2024-09-03,228.5500,229.0000,221.1700,222.7700,50190574
AAPL,2024-08-30,230.1900,230.4000,227.4800,229.0000,52990770
AAPL,2024-08-29,230.1000,232.9200,228.8800,229.7900,51906297
AAPL,2024-08-28,227.9200,229.8600,225.6800,226.4900,38052167
AAPL,2024-08-27,225.9950,228.8500,224.8900,228.0300,35934559
AAPL,2024-08-26,226.7600,227.2800,223.8905,227.1800,30602208
AAPL,2024-08-23,225.6589,228.2200,224.3300,226.8400,38677250
AAPL,2024-08-22,227.7900,228.3400,223.9000,224.5300,43695321
AAPL,2024-08-21,226.5200,227.9800,225.0500,226.4000,34765480
AAPL,2024-08-20,225.7700,227.1700,225.4500,226.5100,30299033
AAPL,2024-08-19,225.7200,225.9900,223.0400,225.8900,40687813
AAPL,2024-08-16,223.9200,226.8271,223.6501,226.0500,44340240
AAPL,2024-08-15,224.6000,225.3500,222.7600,224.7200,46414013
AAPL,2024-08-14,220.5700,223.0300,219.7000,221.7200,41960574
AAPL,2024-08-13,219.0100,221.8900,219.0100,221.2700,44155331
AAPL,2024-08-12,216.0700,219.5099,215.6000,217.5300,38028092
AAPL,2024-08-09,212.1000,216.7800,211.9700,216.2400,42201646
AAPL,2024-08-08,213.1100,214.2000,208.8300,213.3100,47161149
AAPL,2024-08-07,206.9000,213.6400,206.3900,209.8200,63516417
AAPL,2024-08-06,205.3000,209.9900,201.0700,207.2300,69660488
AAPL,2024-08-05,199.0900,213.5000,196.0000,209.2700,119548589
AAPL,2024-08-02,219.1500,225.6000,217.7100,219.8600,105568560
AAPL,2024-08-01,224.3700,224.4800,217.0200,218.3600,62500996
AAPL,2024-07-31,221.4400,223.8200,220.6300,222.0800,50036262
AAPL,2024-07-30,219.1900,220.3250,216.1200,218.8000,41643840
AAPL,2024-07-29,216.9600,219.3000,215.7500,218.2400,36311778
AAPL,2024-07-26,218.7000,219.4900,216.0100,217.9600,41601345
AAPL,2024-07-25,218.9300,220.8500,214.6200,217.4900,51391199
AAPL,2024-07-24,224.0000,224.8000,217.1300,218.5400,61777576
AAPL,2024-07-23,224.3650,226.9400,222.6800,225.0100,39960260
AAPL,2024-07-22,227.0100,227.7800,223.0900,223.9600,48201835
AAPL,2024-07-19,224.8200,226.8000,223.2750,224.3100,49151453
AAPL,2024-07-18,230.2800,230.4400,222.2700,224.1800,66034585
AAPL,2024-07-17,229.4500,231.4599,226.6400,228.8800,57345884
AAPL,2024-07-16,235.0000,236.2700,232.3300,234.8200,43234278
AAPL,2024-07-15,236.4800,237.2300,233.0900,234.4000,62631252
AAPL,2024-07-12,228.9200,232.6400,228.6800,230.5400,53046527
AAPL,2024-07-11,231.3900,232.3900,225.7700,227.5700,64710617
AAPL,2024-07-10,229.3000,233.0800,229.2500,232.9800,62627687
AAPL,2024-07-09,227.9300,229.4000,226.3721,228.6800,48169822
AAPL,2024-07-08,227.0900,227.8500,223.2500,227.8200,59085861
AAPL,2024-07-05,221.6500,226.4500,221.6500,226.3400,60412408
GOOG,2024-11-22,167.1600,168.2645,165.7100,166.5700,23888722
GOOG,2024-11-21,175.4550,175.5800,165.3100,169.2400,38839431
GOOG,2024-11-20,178.8300,179.1100,175.3300,177.3300,15729806
GOOG,2024-11-19,175.2350,180.1700,175.1160,179.5800,15392866
GOOG,2024-11-18,174.9550,176.9100,174.4200,176.8000,18725422
GOOG,2024-11-15,175.6400,175.8800,172.7450,173.8900,21708870
GOOG,2024-11-14,179.7500,180.4450,176.0300,177.3500,17925763
GOOG,2024-11-13,182.1500,182.6150,180.1200,180.4900,13969709
GOOG,2024-11-12,181.3800,184.0250,180.9900,183.3200,14065845
GOOG,2024-11-11,180.0700,182.0850,179.9900,181.9700,12503422
GOOG,2024-11-08,182.0000,182.3500,179.5700,179.8600,15021549
GOOG,2024-11-07,179.1100,182.5800,178.8900,182.2800,16730407
GOOG,2024-11-06,175.3500,178.6400,175.0400,178.3300,27061510
GOOG,2024-11-05,170.8300,172.0973,170.3700,171.4100,12518282
GOOG,2024-11-04,171.2400,171.9200,169.4850,170.6800,16193994
GOOG,2024-11-01,171.5400,173.8200,170.3100,172.6500,21752859
GOOG,2024-10-31,174.7200,178.4200,172.5600,172.6900,32801898
GOOG,2024-10-30,182.4100,183.7900,175.7451,176.1400,49698313
GOOG,2024-10-29,169.3850,171.8600,168.6600,171.1400,28916106
GOOG,2024-10-28,170.5900,170.6060,165.7900,168.3400,20858254
GOOG,2024-10-25,165.3650,167.4000,165.2300,166.9900,14566410
GOOG,2024-10-24,164.5900,165.0500,162.7700,164.5300,12764430
GOOG,2024-10-23,166.4300,167.6000,163.6325,164.4800,12754283
GOOG,2024-10-22,164.7000,167.4700,164.6700,166.8200,11958617
GOOG,2024-10-21,164.5800,166.2200,164.3050,165.8000,11384047
GOOG,2024-10-18,164.8700,166.3699,164.7500,165.0500,13091267
GOOG,2024-10-17,167.3800,167.9300,164.3700,164.5100,15113356
GOOG,2024-10-16,166.0300,167.2800,165.2160,166.7400,9968474
GOOG,2024-10-15,167.1400,169.0900,166.0500,166.9000,14829338
GOOG,2024-10-14,164.9100,167.6200,164.7800,166.3500,9981765
GOOG,2024-10-11,163.3300,165.2700,162.5000,164.5200,10945971
GOOG,2024-10-10,162.1100,164.3107,161.6400,163.1800,12900492
GOOG,2024-10-09,164.8550,166.2600,161.1200,163.0600,19666411
GOOG,2024-10-08,165.4300,166.1000,164.3100,165.7000,11723885
GOOG,2024-10-07,169.1400,169.9000,164.1300,164.3900,14034722
GOOG,2024-10-04,169.3400,169.5500,166.9600,168.5600,11435318
GOOG,2024-10-03,165.8200,167.9100,165.3700,167.2100,11004333
GOOG,2024-10-02,167.7600,168.8800,166.2500,167.3100,12744975
GOOG,2024-10-01,168.8600,170.4400,165.9000,168.4200,18629506
GOOG,2024-09-30,164.7800,167.3600,164.6400,167.1900,14083451
GOOG,2024-09-27,163.9100,166.9700,163.8300,165.2900,13604261
GOOG,2024-09-26,165.0300,165.5000,163.5000,163.8300,18234497
GOOG,2024-09-25,162.9700,164.2170,162.7750,162.9900,13607892
GOOG,2024-09-24,164.2500,164.5500,162.0300,163.6400,18774056
GOOG,2024-09-23,165.3400,166.6100,162.9500,163.0700,15648446
GOOG,2024-09-20,164.5200,164.7500,163.1800,164.6400,46362673
GOOG,2024-09-19,164.8200,164.9900,162.5216,163.2400,17548190
GOOG,2024-09-18,160.8500,161.6300,159.6600,160.8100,16756450
GOOG,2024-09-17,160.0900,161.5900,159.4100,160.2800,12064790
GOOG,2024-09-16,158.3300,159.2400,157.6100,158.9900,14157614
GOOG,2024-09-13,156.3620,159.2750,156.1100,158.3700,16733908
GOOG,2024-09-12,154.8100,155.6100,153.5000,155.5400,21024062
GOOG,2024-09-11,151.0900,152.4800,148.7000,152.1500,18991486
GOOG,2024-09-10,151.4500,152.3000,149.5427,150.0100,20401774
GOOG,2024-09-09,153.6300,154.6400,148.2000,149.5400,28057746
GOOG,2024-09-06,158.6900,159.2200,151.9350,152.1300,24999062
GOOG,2024-09-05,157.7800,161.0150,157.5200,158.6000,14139501
GOOG,2024-09-04,158.0750,160.4000,157.4400,157.8100,15942997
GOOG,2024-09-03,163.3150,163.3800,157.8550,158.6100,26533110
GOOG,2024-08-30,164.2200,165.2800,163.4100,165.1100,18498777
GOOG,2024-08-29,166.0600,167.6300,161.9820,163.4000,17133830
GOOG,2024-08-28,166.7800,167.3900,163.2800,164.5000,15208736
GOOG,2024-08-27,167.6100,168.2450,166.1600,166.3800,13718162
GOOG,2024-08-26,168.1550,169.3800,166.3200,167.9300,11990305
GOOG,2024-08-23,166.5500,167.9500,165.6600,167.4300,14281621
GOOG,2024-08-22,169.0400,169.4200,165.0300,165.4900,19123778
GOOG,2024-08-21,166.9900,168.6400,166.5700,167.6300,15269550
GOOG,2024-08-20,168.7400,170.4100,168.6600,168.9600,12622523
GOOG,2024-08-19,167.0000,168.4700,166.0900,168.4000,13100762
GOOG,2024-08-16,163.4100,166.9500,163.0800,164.7400,16853137
GOOG,2024-08-15,162.2100,163.5200,161.4900,163.1700,18392452
GOOG,2024-08-14,164.2100,164.9600,159.5300,162.0300,22515895
GOOG,2024-08-13,165.1850,166.5400,164.7700,165.9300,12717628
GOOG,2024-08-12,165.9950,166.7000,163.5500,163.9500,12434969
GOOG,2024-08-09,161.6450,165.5200,160.9300,165.3900,13549230
GOOG,2024-08-08,162.3440,165.5000,162.0300,163.8400,15733612
GOOG,2024-08-07,163.2400,164.7900,160.2400,160.7500,19334246
GOOG,2024-08-06,160.9450,162.3500,158.1300,160.5400,36146541
GOOG,2024-08-05,157.3700,165.9400,156.6000,160.6400,34907815
GOOG,2024-08-02,168.1900,170.2100,166.3900,168.4000,18907773
GOOG,2024-08-01,171.9800,175.6800,170.5100,172.4500,17177833
GOOG,2024-07-31,174.9200,175.9100,171.7200,173.1500,15650154
GOOG,2024-07-30,171.8300,172.9500,170.1200,171.8600,13681418
GOOG,2024-07-29,170.5000,172.1600,169.7200,171.1300,13768931
GOOG,2024-07-26,168.7700,169.8400,165.8650,168.6800,25150116
GOOG,2024-07-25,174.2500,175.2000,169.0500,169.1600,28967880
GOOG,2024-07-24,175.3900,177.9500,173.5700,174.3700,31250683
GOOG,2024-07-23,183.8400,185.2200,183.3300,183.6000,23772602
GOOG,2024-07-22,182.3500,184.3000,181.9000,183.3500,16303896
GOOG,2024-07-19,180.3700,181.9700,178.8600,179.3900,14485899
GOOG,2024-07-18,183.5400,184.0500,178.2100,179.2200,17877197
GOOG,2024-07-17,184.6800,185.2300,181.6200,182.6200,17376563
GOOG,2024-07-16,188.9600,190.3400,185.1200,185.5000,12760102
GOOG,2024-07-15,186.4900,189.9000,186.4900,188.1900,12186015
GOOG,2024-07-12,186.9200,188.6900,186.1400,186.7800,14449113
GOOG,2024-07-11,191.3400,192.4100,186.8200,187.3000,16451981
GOOG,2024-07-10,190.7500,193.3100,190.6200,192.6600,12052906
GOOG,2024-07-09,191.7500,192.8600,190.2300,190.4400,10224925
GOOG,2024-07-08,191.3650,191.6791,189.3200,190.4800,12097611
GOOG,2024-07-05,187.3200,192.2600,187.3200,191.9600,14303361
MSFT,2024-11-22,411.3650,417.4000,411.0600,417.0000,22756333
MSFT,2024-11-21,419.5000,419.7800,410.2887,412.8700,20780162
MSFT,2024-11-20,416.8700,417.2900,410.5800,415.4900,19191655
MSFT,2024-11-19,413.1100,417.9400,411.5500,417.7900,18133529
MSFT,2024-11-18,414.8700,418.4037,412.1000,415.7600,24742013
MSFT,2024-11-15,419.8200,422.8000,413.6400,415.0000,28247644
MSFT,2024-11-14,425.0000,428.1700,420.0000,426.8900,30246881
MSFT,2024-11-13,421.6400,429.3250,418.2100,425.2000,21502185
MSFT,2024-11-12,418.2500,424.4400,417.2000,423.0300,19401204
MSFT,2024-11-11,422.5150,424.8100,416.0000,418.0100,24503321
MSFT,2024-11-08,425.3200,426.5000,421.7800,422.5400,16891414
MSFT,2024-11-07,421.2800,426.8500,419.8800,425.4300,19901782
MSFT,2024-11-06,412.4200,420.4500,410.5200,420.1800,26681842
MSFT,2024-11-05,408.3700,414.9000,408.0800,411.4600,17626011
MSFT,2024-11-04,409.8000,410.4150,405.5713,408.4600,19672286
MSFT,2024-11-01,409.0100,415.5000,407.5000,410.3700,24230442
MSFT,2024-10-31,415.3600,416.1600,406.3000,406.3500,53970981
MSFT,2024-10-30,437.4350,438.5000,432.1000,432.5300,29749149
MSFT,2024-10-29,428.0000,433.1700,425.8001,431.9500,17644080
MSFT,2024-10-28,431.6550,431.9400,426.3000,426.5900,14882444
MSFT,2024-10-25,426.7600,432.5200,426.5650,428.1500,16899064
MSFT,2024-10-24,425.3250,425.9782,422.4000,424.7300,13581631
MSFT,2024-10-23,430.8550,431.0800,422.5300,424.6000,19654379
MSFT,2024-10-22,418.4900,430.5793,418.0400,427.5100,25482197
MSFT,2024-10-21,416.1200,418.9600,413.7501,418.7800,14206115
MSFT,2024-10-18,417.1400,419.6500,416.2601,418.1600,17145317
MSFT,2024-10-17,422.3600,422.5000,415.5900,416.7200,14820004
MSFT,2024-10-16,415.1700,416.3600,410.4800,416.1200,15508932
MSFT,2024-10-15,422.1800,422.4800,415.2600,418.7400,18900201
MSFT,2024-10-14,417.7700,424.0400,417.5200,419.1400,16653086
MSFT,2024-10-11,416.1350,417.1300,413.2500,416.3200,14144944
MSFT,2024-10-10,415.2250,417.3500,413.1500,415.8400,13848376
MSFT,2024-10-09,415.8600,420.3800,414.3000,417.4600,14974257
MSFT,2024-10-08,410.9000,415.6600,408.1700,414.7100,19229261
MSFT,2024-10-07,416.0000,417.1100,409.0000,409.5400,20919761
MSFT,2024-10-04,418.2400,419.7500,414.9700,416.0600,19190913
MSFT,2024-10-03,417.6300,419.5500,414.2900,416.5400,13686421
MSFT,2024-10-02,422.5800,422.8200,416.7100,417.1300,16582257
MSFT,2024-10-01,428.4500,428.4800,418.8100,420.6900,19092945
MSFT,2024-09-30,428.2100,430.4200,425.3700,430.3000,16854606
MSFT,2024-09-27,431.5200,431.8500,427.4700,428.0200,14896131
MSFT,2024-09-26,435.0850,435.3000,429.1300,431.3100,14492044
MSFT,2024-09-25,429.8300,433.1190,428.5700,432.1100,13396364
MSFT,2024-09-24,433.0000,433.3500,426.1000,429.1700,17015754
MSFT,2024-09-23,434.2800,436.4600,430.3889,433.5100,15128891
MSFT,2024-09-20,437.2200,439.2400,434.2200,435.2700,55167106
MSFT,2024-09-19,441.2250,441.5000,436.9000,438.6900,21706559
MSFT,2024-09-18,435.0000,436.0300,430.4100,430.8100,18898042
MSFT,2024-09-17,440.2300,441.8500,432.2700,435.1500,18874231
MSFT,2024-09-16,430.6000,433.5300,428.2200,431.3400,13834697
MSFT,2024-09-13,425.8250,431.8300,425.4600,430.5900,15874555
MSFT,2024-09-12,423.3100,427.3692,419.7500,427.0000,17418759
MSFT,2024-09-11,415.5000,423.9900,409.5800,423.0400,19266923
MSFT,2024-09-10,408.2000,416.3300,407.7000,414.2000,19594287
MSFT,2024-09-09,407.2400,408.6500,402.1500,405.7200,15295134
MSFT,2024-09-06,409.0600,410.6500,400.8000,401.7000,19609526
MSFT,2024-09-05,407.6200,413.1000,406.1300,408.3900,14195516
MSFT,2024-09-04,405.9100,411.2400,404.3700,408.9000,14886710
MSFT,2024-09-03,417.9100,419.8800,407.0300,409.4400,20313603
MSFT,2024-08-30,415.6000,417.4900,412.1300,417.1400,24308324
MSFT,2024-08-29,414.9400,422.0500,410.6000,413.1200,17045241
MSFT,2024-08-28,414.8800,415.0000,407.3100,410.6000,14882660
MSFT,2024-08-27,412.8600,414.3600,410.2500,413.8400,13492911
MSFT,2024-08-26,416.3650,417.2799,411.3400,413.4900,13152830
MSFT,2024-08-23,416.9800,419.2600,412.0900,416.7900,18493784
MSFT,2024-08-22,424.3600,426.7899,414.6100,415.5500,19361901
MSFT,2024-08-21,424.0750,426.4000,421.7200,424.1400,16067298
MSFT,2024-08-20,421.7000,425.8600,421.6400,424.8000,16387581
MSFT,2024-08-19,418.9600,421.7500,416.4600,421.5300,15233957
MSFT,2024-08-16,420.6000,421.3400,417.3000,418.4700,22775593
MSFT,2024-08-15,419.8000,421.1100,417.6600,421.0300,20752144
MSFT,2024-08-14,414.8000,417.7200,412.4456,416.8600,18266980
MSFT,2024-08-13,409.5900,414.9500,409.5700,414.0100,19414271
MSFT,2024-08-12,407.0600,408.7600,404.2434,406.8100,16762883
MSFT,2024-08-09,404.0300,408.0500,402.2624,406.0200,19276666
MSFT,2024-08-08,402.4400,405.8600,399.9407,402.6900,20203030
MSFT,2024-08-07,408.6350,410.0800,397.4700,398.4300,20650906
MSFT,2024-08-06,400.0000,405.6700,398.5000,399.6100,24946525
MSFT,2024-08-05,389.1700,401.0400,385.5800,395.1500,40709238
MSFT,2024-08-02,412.4900,415.0000,404.3400,408.4900,29437900
MSFT,2024-08-01,420.7850,427.4600,413.0901,417.1100,30296400
MSFT,2024-07-31,420.4950,421.7750,412.2100,418.3500,42891366
MSFT,2024-07-30,427.7200,429.0500,417.3600,422.9200,32687578
MSFT,2024-07-29,431.5800,432.1500,424.7042,426.7300,15125836
MSFT,2024-07-26,418.2000,428.9150,417.2700,425.2700,23583839
MSFT,2024-07-25,428.8000,429.8000,417.5100,418.4000,29943795
MSFT,2024-07-24,440.4500,441.4800,427.5850,428.9000,26805800
MSFT,2024-07-23,443.8950,448.3900,443.1000,444.8500,13107050
MSFT,2024-07-22,441.7900,444.6000,438.9125,442.9400,15808755
MSFT,2024-07-19,433.1000,441.1400,432.0000,437.1100,20940417
MSFT,2024-07-18,444.3400,444.6500,434.4000,440.3700,20794822
MSFT,2024-07-17,442.5900,444.8500,439.1800,443.5200,21754021
MSFT,2024-07-16,454.2200,454.3000,446.6600,449.5200,17175679
MSFT,2024-07-15,453.3000,457.2600,451.4300,453.9600,14429447
MSFT,2024-07-12,454.3250,456.3600,450.6450,453.5500,16324274
MSFT,2024-07-11,462.9800,464.7800,451.5500,454.7000,23111175
MSFT,2024-07-10,461.2200,466.4600,458.8550,466.2500,18196100
MSFT,2024-07-09,467.0000,467.3300,458.0000,459.5400,17228507
MSFT,2024-07-08,466.5500,467.7000,464.4600,466.2400,12962321
MSFT,2024-07-05,459.6100,468.3500,458.9650,467.5600,16000290
AMZN,2024-11-22,198.2500,199.2599,196.7500,197.1200,30788662
AMZN,2024-11-21,203.4900,203.4900,195.7500,198.3800,58800042
AMZN,2024-11-20,202.9800,203.1300,199.4500,202.8800,32768989
AMZN,2024-11-19,199.3300,205.3000,198.7800,204.6100,31197867
AMZN,2024-11-18,204.1500,204.6700,200.9500,201.7000,36512465
AMZN,2024-11-15,206.7600,207.3400,199.6100,202.6100,86591144
AMZN,2024-11-14,214.1600,215.9000,210.8800,211.4800,42620309
AMZN,2024-11-13,209.4000,215.0900,209.1400,214.1000,46212943
AMZN,2024-11-12,208.3700,209.5400,206.0100,208.9100,38942918
AMZN,2024-11-11,208.5000,209.6500,205.5900,206.8400,35456012
AMZN,2024-11-08,209.7200,209.9633,207.4400,208.1800,36075846
AMZN,2024-11-07,207.4400,212.2500,207.1900,210.0500,52878383
AMZN,2024-11-06,200.0100,207.5500,199.1400,207.0900,72292167
AMZN,2024-11-05,196.0400,199.8200,195.9900,199.5000,30564784
AMZN,2024-11-04,196.4500,197.3300,194.3101,195.7800,38492062
AMZN,2024-11-01,199.0000,200.5000,197.0200,197.9300,99687847
AMZN,2024-10-31,190.5100,190.6000,185.2300,186.4000,75146759
AMZN,2024-10-30,194.6950,195.6100,192.4200,192.7300,37707550
AMZN,2024-10-29,188.5800,191.4599,187.8150,190.8300,35690158
AMZN,2024-10-28,189.5650,190.2100,188.2100,188.3900,27930836
AMZN,2024-10-25,187.8500,190.4500,187.5300,187.8300,29362060
AMZN,2024-10-24,185.2500,187.1100,183.8600,186.3800,21647395
AMZN,2024-10-23,188.8500,189.1600,183.6900,184.7100,31937089
AMZN,2024-10-22,188.3500,191.5201,186.9750,189.7000,29650593
AMZN,2024-10-21,188.0500,189.4600,186.4000,189.0700,24639393
AMZN,2024-10-18,187.1500,190.7400,186.2800,188.9900,37417670
AMZN,2024-10-17,188.2200,188.9400,186.0000,187.5300,25039414
AMZN,2024-10-16,187.0500,187.7800,185.6100,186.8900,23456812
AMZN,2024-10-15,187.6300,188.4100,184.5800,187.6900,32178925
AMZN,2024-10-14,189.7800,189.8300,187.3600,187.5400,22614407
AMZN,2024-10-11,186.6300,189.9284,186.3000,188.8200,25751557
AMZN,2024-10-10,187.1300,188.1340,185.8300,186.6500,27785043
AMZN,2024-10-09,182.8200,185.8450,182.0500,185.1700,26343117
AMZN,2024-10-08,181.9150,183.0900,180.9200,182.7200,26372086
AMZN,2024-10-07,182.9500,183.6000,180.2500,180.8000,42364201
AMZN,2024-10-04,185.7500,187.6000,183.6000,186.5100,41079011
AMZN,2024-10-03,183.0450,183.4400,180.8750,181.9600,30204302
AMZN,2024-10-02,184.4400,186.6000,184.0400,184.7600,23704056
AMZN,2024-10-01,184.9000,186.1900,183.4519,185.1300,36044906
AMZN,2024-09-30,187.1400,188.4900,184.6500,186.3300,41680400
AMZN,2024-09-27,190.6800,190.9000,187.3400,187.9700,36002316
AMZN,2024-09-26,194.3100,194.5300,189.5400,191.1600,36334854
AMZN,2024-09-25,193.7500,193.9498,192.1600,192.5300,26391144
AMZN,2024-09-24,194.2700,195.3700,190.1300,193.9600,43478926
AMZN,2024-09-23,191.6400,194.4500,190.5700,193.8800,36993111
AMZN,2024-09-20,190.2300,191.8400,187.4100,191.6000,100378553
AMZN,2024-09-19,190.0400,190.9900,188.4700,189.8700,39543168
AMZN,2024-09-18,186.4500,188.8000,185.0600,186.4300,34448130
AMZN,2024-09-17,186.8500,189.4500,186.1400,186.8800,26091682
AMZN,2024-09-16,185.2900,185.8100,183.3600,184.8900,26065485
AMZN,2024-09-13,187.0000,188.5000,185.9100,186.4900,26495351
AMZN,2024-09-12,184.8000,187.4100,183.5400,187.0000,33622483
AMZN,2024-09-11,180.0950,184.9900,175.7300,184.5200,42564698
AMZN,2024-09-10,177.4900,180.5000,176.7900,179.5500,36233796
AMZN,2024-09-09,174.5300,175.8500,173.5100,175.4000,29037362
AMZN,2024-09-06,177.2400,178.3800,171.1600,171.3900,41466537
AMZN,2024-09-05,175.0000,179.8750,174.9950,177.8900,40170526
AMZN,2024-09-04,174.4800,175.9800,172.5400,173.3300,29682478
AMZN,2024-09-03,177.5500,178.2600,175.2600,176.2500,37817511
AMZN,2024-08-30,172.7800,178.9000,172.6000,178.5000,43429355
AMZN,2024-08-29,173.2200,174.2900,170.8100,172.1200,26407815
AMZN,2024-08-28,173.6900,173.6900,168.9200,170.8000,29045025
AMZN,2024-08-27,174.1500,174.8900,172.2500,173.1200,29841979
AMZN,2024-08-26,176.7000,177.4682,174.3000,175.5000,22366236
AMZN,2024-08-23,177.3400,178.9699,175.2400,177.0400,29150091
AMZN,2024-08-22,181.3800,181.4700,175.6800,176.1300,32047482
AMZN,2024-08-21,179.9200,182.3850,178.8937,180.1100,35599120
AMZN,2024-08-20,177.9200,179.0100,177.4308,178.8800,26255204
AMZN,2024-08-19,177.6400,178.3000,176.1600,178.2200,31129807
AMZN,2024-08-16,177.0400,178.3400,176.2601,177.0600,31489175
AMZN,2024-08-15,174.8600,177.9100,173.9900,177.5900,51698513
AMZN,2024-08-14,172.1100,172.2800,168.8600,170.1000,28843804
AMZN,2024-08-13,167.8100,171.0400,167.1000,170.2300,39237915
AMZN,2024-08-12,168.1400,168.5500,166.1101,166.8000,30072788
AMZN,2024-08-09,166.4000,168.5500,165.8500,166.9400,36401049
AMZN,2024-08-08,165.1650,166.6899,162.5500,165.8000,44616206
AMZN,2024-08-07,166.5500,167.5800,161.4300,162.7700,48408240
AMZN,2024-08-06,161.7100,165.0800,158.5404,161.9300,59950830
AMZN,2024-08-05,154.2100,162.9600,151.6100,161.0200,83149437
AMZN,2024-08-02,166.7500,168.7700,160.5500,167.9000,141448365
AMZN,2024-08-01,189.2850,190.6000,181.8700,184.0700,70435635
AMZN,2024-07-31,185.0500,187.9400,184.4600,186.9800,41667326
AMZN,2024-07-30,184.7200,185.8600,179.3800,181.7100,39508574
AMZN,2024-07-29,183.8400,184.7500,182.3800,183.2000,33270123
AMZN,2024-07-26,180.3900,183.1900,180.2400,182.5000,29505964
AMZN,2024-07-25,182.9100,183.8958,176.8000,179.8500,44464163
AMZN,2024-07-24,183.2000,185.4500,180.4100,180.8300,41532360
AMZN,2024-07-23,184.1000,189.3900,183.5600,186.4100,47537670
AMZN,2024-07-22,185.0000,185.0600,182.4800,182.5500,39931923
AMZN,2024-07-19,181.1400,184.9300,180.1100,183.1300,43081829
AMZN,2024-07-18,189.5900,189.6800,181.4480,183.7500,51043626
AMZN,2024-07-17,191.3500,191.5800,185.9900,187.9300,48076139
AMZN,2024-07-16,195.5900,196.6200,192.2400,193.0200,33994714
AMZN,2024-07-15,194.5600,196.1900,190.8300,192.7200,40683227
AMZN,2024-07-12,194.8000,196.4700,193.8301,194.4900,30598525
AMZN,2024-07-11,200.0900,200.2699,192.8600,195.0500,44565041
AMZN,2024-07-10,199.9950,200.1100,197.6900,199.7900,32883753
AMZN,2024-07-09,199.4000,200.5700,199.0450,199.3400,32756736
AMZN,2024-07-08,200.0400,201.2000,197.9600,199.2900,34767261
AMZN,2024-07-05,198.6500,200.5500,198.1700,200.0000,39858885
TSLA,2024-11-22,341.0850,361.5300,337.7000,352.5600,88472475
TSLA,2024-11-21,343.8100,347.9899,335.2800,339.6400,58011719
TSLA,2024-11-20,345.0000,346.5999,334.3000,342.0300,66340650
TSLA,2024-11-19,335.7600,347.3799,332.7500,346.0000,88852452
TSLA,2024-11-18,340.7300,348.5499,330.0100,338.7400,126547455
TSLA,2024-11-15,310.5700,324.6799,309.2200,320.7200,114440286
TSLA,2024-11-14,327.6900,329.9800,310.3700,311.1800,120726109
TSLA,2024-11-13,335.8500,344.5999,322.5000,330.2400,125405599
TSLA,2024-11-12,342.7400,345.8400,323.3100,328.4900,155726016
TSLA,2024-11-11,346.3000,358.6400,336.0000,350.0000,210521625
TSLA,2024-11-08,299.1400,328.7100,297.6600,321.2200,204782763
TSLA,2024-11-07,288.8900,299.7500,285.5200,296.9100,117309232
TSLA,2024-11-06,284.6700,289.5900,275.6200,288.5300,165228710
TSLA,2024-11-05,247.3400,255.2799,246.2101,251.4400,69282505
TSLA,2024-11-04,244.5600,248.9000,238.8800,242.8400,68802354
TSLA,2024-11-01,252.0430,254.0000,246.6300,248.9800,57544757
TSLA,2024-10-31,257.9900,259.7500,249.2500,249.8500,66575292
TSLA,2024-10-30,258.0350,263.3500,255.8201,257.5500,53993576
TSLA,2024-10-29,264.5100,264.9800,255.5100,259.5200,80521751
TSLA,2024-10-28,270.0000,273.5360,262.2400,262.5100,107653603
TSLA,2024-10-25,256.0100,269.4900,255.3200,269.1900,161611931
TSLA,2024-10-24,244.6800,262.1199,242.6500,260.4800,204491903
TSLA,2024-10-23,217.1250,218.7200,212.1100,213.6500,80938892
TSLA,2024-10-22,217.3100,218.2200,215.2600,217.9700,43268741
TSLA,2024-10-21,218.9000,220.4800,215.7260,218.8500,47328988
TSLA,2024-10-18,220.7100,222.2800,219.2300,220.7000,49611867
TSLA,2024-10-17,221.5900,222.0800,217.9000,220.8900,50791784
TSLA,2024-10-16,221.4000,222.8199,218.9300,221.3300,49632824
TSLA,2024-10-15,220.0100,224.2600,217.1200,219.5700,62988787
TSLA,2024-10-14,220.1300,221.9100,213.7400,219.1600,86291923
TSLA,2024-10-11,220.1300,223.3400,214.3800,217.8000,142628874
TSLA,2024-10-10,241.8100,242.7899,232.3400,238.7700,83087063
TSLA,2024-10-09,243.8200,247.4300,239.5100,241.0500,66289529
TSLA,2024-10-08,243.5600,246.2100,240.5600,244.5000,56303160
TSLA,2024-10-07,249.0000,249.8300,240.7000,240.8300,68113270
TSLA,2024-10-04,246.6900,250.9600,244.5800,250.0800,86726285
TSLA,2024-10-03,244.4800,249.7900,237.8100,240.6600,80729240
TSLA,2024-10-02,247.5500,251.1585,241.5000,249.0200,93983930
TSLA,2024-10-01,262.6700,263.9800,248.5300,258.0200,87397613
TSLA,2024-09-30,259.0400,264.8600,255.7700,261.6300,80873381
TSLA,2024-09-27,257.3750,260.6999,254.1200,260.4600,70988067
TSLA,2024-09-26,260.6000,261.7500,251.5300,254.2200,67142193
TSLA,2024-09-25,252.5400,257.0500,252.2800,257.0200,65034318
TSLA,2024-09-24,254.0800,257.1900,249.0501,254.2700,88490999
TSLA,2024-09-23,242.6100,250.0000,241.9200,250.0000,86927194
TSLA,2024-09-20,241.5200,243.9900,235.9200,238.2500,99879070
TSLA,2024-09-19,234.0000,244.2400,232.1300,243.9200,102694576
TSLA,2024-09-18,230.0900,235.6800,226.8800,227.2000,78010204
TSLA,2024-09-17,229.4500,234.5700,226.5533,227.8700,66761636
TSLA,2024-09-16,229.3000,229.9600,223.5300,226.7800,54322995
TSLA,2024-09-13,228.0000,232.6700,226.3200,230.2900,59515114
TSLA,2024-09-12,224.6600,231.4500,223.8300,229.8100,72020042
TSLA,2024-09-11,224.5500,228.4700,216.8003,228.1300,83548633
TSLA,2024-09-10,220.0700,226.4000,218.6377,226.1700,78891136
TSLA,2024-09-09,216.2000,219.8700,213.6700,216.2700,67443518
TSLA,2024-09-06,232.6000,233.6000,210.5100,210.7300,112177004
TSLA,2024-09-05,223.4900,235.0000,222.2500,230.1700,119355013
TSLA,2024-09-04,210.5900,222.2200,210.5700,219.4100,80217329
TSLA,2024-09-03,215.2600,219.9043,209.6400,210.6000,76714222
TSLA,2024-08-30,208.6300,214.5701,207.0300,214.1100,63370608
TSLA,2024-08-29,209.8000,214.8900,205.9700,206.2800,62308818
TSLA,2024-08-28,209.7200,211.8400,202.5900,205.7500,64116350
TSLA,2024-08-27,213.2500,215.6600,206.9400,209.2100,62821390
TSLA,2024-08-26,218.7500,219.0900,211.0100,213.2100,59301187
TSLA,2024-08-23,214.4550,221.4800,214.2100,220.3200,81525207
TSLA,2024-08-22,223.8200,224.8000,210.3200,210.6600,79514482
TSLA,2024-08-21,222.6700,224.6594,218.8600,223.2700,70145964
TSLA,2024-08-20,224.8800,228.2200,219.5600,221.1000,74001182
TSLA,2024-08-19,217.0700,222.9800,214.0900,222.7200,76435222
TSLA,2024-08-16,211.1500,219.8000,210.8000,216.1200,88765122
TSLA,2024-08-15,205.0200,215.8800,204.8200,214.1400,89848530
TSLA,2024-08-14,207.3900,208.4400,198.7500,201.3800,70250014
TSLA,2024-08-13,198.4700,208.4900,197.0600,207.8300,76247387
TSLA,2024-08-12,199.0200,199.2600,194.6700,197.4900,64044903
TSLA,2024-08-09,197.0500,200.8800,195.1100,200.0000,58648274
TSLA,2024-08-08,195.7000,200.7000,192.0400,198.8400,65033874
TSLA,2024-08-07,200.7700,203.4900,191.4800,191.7600,71159778
TSLA,2024-08-06,200.7500,202.9000,192.6700,200.6400,73783942
TSLA,2024-08-05,185.2200,203.8799,182.0000,198.8800,100308836
TSLA,2024-08-02,214.8800,216.1300,205.7800,207.6700,82880120
TSLA,2024-08-01,227.6900,231.8670,214.3328,216.8600,83861898
TSLA,2024-07-31,227.9000,234.6800,226.7875,232.0700,67497011
TSLA,2024-07-30,232.2500,232.4100,220.0000,222.6200,100560334
TSLA,2024-07-29,224.9000,234.2700,224.7000,232.1000,129201789
TSLA,2024-07-26,221.1900,222.2799,215.3300,219.8000,94604145
TSLA,2024-07-25,216.8000,226.0000,216.2310,220.2500,100636466
TSLA,2024-07-24,225.4200,225.9900,214.7100,215.9900,167942939
TSLA,2024-07-23,253.6000,255.7594,245.6300,246.3800,111928192
TSLA,2024-07-22,244.2100,253.2100,243.7500,251.5100,101225430
TSLA,2024-07-19,247.7900,249.4400,236.8300,239.2000,87403903
TSLA,2024-07-18,251.0900,257.1400,247.2000,249.2300,110869037
TSLA,2024-07-17,252.7300,258.4700,246.1820,248.5000,115584810
TSLA,2024-07-16,255.3100,258.6200,245.8001,256.5600,126332470
TSLA,2024-07-15,255.9700,265.6000,251.7300,252.6400,146912920
TSLA,2024-07-12,235.8000,251.8400,233.0912,248.2300,155955773
TSLA,2024-07-11,263.3000,271.0000,239.6500,241.0300,221707273
TSLA,2024-07-10,262.8000,267.5900,257.8600,263.2600,128519430
TSLA,2024-07-09,251.0000,265.6100,250.3000,262.3300,160742516
TSLA,2024-07-08,247.7100,259.4390,244.5700,252.9400,157219580
TSLA,2024-07-05,249.8100,252.3700,242.4601,251.5200,154501152
NFLX,2024-11-22,896.0000,906.0000,893.0000,897.7900,2959721
NFLX,2024-11-21,883.9300,908.0000,877.2400,897.4800,4511263
NFLX,2024-11-20,879.9800,890.6000,868.4000,883.8500,4093843
NFLX,2024-11-19,839.7500,874.4900,839.1600,871.3200,3814227
NFLX,2024-11-18,815.5000,848.4500,809.3301,847.0500,4084081
NFLX,2024-11-15,832.0400,832.0400,816.4900,823.9600,3673720
NFLX,2024-11-14,833.6700,840.9997,830.0200,837.2600,3038231
NFLX,2024-11-13,822.6150,836.9899,820.5368,830.4700,2767772
NFLX,2024-11-12,807.5000,820.3697,803.7500,819.5000,2814064
NFLX,2024-11-11,795.9000,806.8230,795.5650,805.4400,2399150
NFLX,2024-11-08,797.3600,799.0600,788.6500,795.0400,1910626
NFLX,2024-11-07,781.3700,798.2200,779.9400,796.5400,3295074
NFLX,2024-11-06,771.5000,781.4900,757.3800,780.2100,3690817
NFLX,2024-11-05,757.3500,767.5299,756.2700,763.9100,2200645
NFLX,2024-11-04,753.1400,762.4800,749.6900,755.5100,1902194
NFLX,2024-11-01,753.4800,763.7999,747.7700,756.1000,2996829
NFLX,2024-10-31,753.9300,760.7899,752.2300,756.0300,3057709
NFLX,2024-10-30,758.0800,759.7900,752.2775,753.7400,1722002
NFLX,2024-10-29,751.1300,763.8800,748.0100,759.4400,3660433
NFLX,2024-10-28,758.6800,758.6800,747.8800,749.1200,2862405
NFLX,2024-10-25,756.1700,768.5000,753.5300,754.6800,2819473
NFLX,2024-10-24,751.9700,755.8200,746.2500,754.5500,2642962
NFLX,2024-10-23,762.8300,763.7899,744.2600,749.2900,3749007
NFLX,2024-10-22,765.2700,769.7000,761.1200,764.2400,2987252
NFLX,2024-10-21,765.7600,773.0000,756.6000,772.0700,6057093
NFLX,2024-10-18,737.6400,766.2810,736.2300,763.8900,15974119
NFLX,2024-10-17,704.3500,704.4124,677.8800,687.6500,8926672
NFLX,2024-10-16,703.4300,705.5900,697.8200,702.0000,2494276
NFLX,2024-10-15,712.5100,713.4000,699.7806,705.9800,2932752
NFLX,2024-10-14,725.0000,726.6196,711.3109,713.0000,2797071
NFLX,2024-10-11,734.9000,736.0000,721.2200,722.7900,2299525
NFLX,2024-10-10,723.2900,733.8500,722.5000,730.2900,2767862
NFLX,2024-10-09,719.2500,728.5900,718.8700,727.4300,1981070
NFLX,2024-10-08,703.8800,725.0600,703.5457,721.7600,3187402
NFLX,2024-10-07,714.7550,715.8800,696.4300,701.9200,3360520
NFLX,2024-10-04,713.3200,721.0100,708.8200,719.7000,2230139
NFLX,2024-10-03,704.2600,708.8100,700.0000,706.8000,2256449
NFLX,2024-10-02,706.1300,716.2100,704.6878,711.0900,1758167
NFLX,2024-10-01,713.6400,717.7600,698.5900,706.1300,2813482
NFLX,2024-09-30,707.0000,711.2100,702.8192,709.2700,1711508
NFLX,2024-09-27,708.3600,710.7100,701.2509,707.3500,2395613
NFLX,2024-09-26,724.7300,725.2600,701.7200,711.4300,2832962
NFLX,2024-09-25,721.0000,725.1200,716.2100,721.5600,2259775
NFLX,2024-09-24,706.6250,722.4400,704.4500,722.2600,3565731
NFLX,2024-09-23,702.3900,712.2499,699.1600,705.3700,3224344
NFLX,2024-09-20,705.5500,706.6732,696.3100,701.0300,3998062
NFLX,2024-09-19,705.0000,715.6600,695.3700,704.3200,4228480
NFLX,2024-09-18,707.5500,707.5500,688.0000,690.4700,2984411
NFLX,2024-09-17,700.8200,707.6300,698.3700,706.9100,2298630
NFLX,2024-09-16,700.0000,703.0200,688.6316,696.5000,1843745
NFLX,2024-09-13,680.0100,699.6400,680.0000,697.0600,2276482
NFLX,2024-09-12,684.9200,694.8800,682.2000,686.8000,2588437
NFLX,2024-09-11,677.4600,682.9700,660.8000,681.4700,2391924
NFLX,2024-09-10,676.8700,680.5899,665.8050,673.6200,2079182
NFLX,2024-09-09,674.0000,683.5000,672.1400,675.4200,2683111
NFLX,2024-09-06,681.8600,683.1518,662.3400,665.7700,2991265
NFLX,2024-09-05,673.1400,687.3100,671.8600,683.6200,1810072
NFLX,2024-09-04,673.3100,684.6500,673.0600,679.6800,1772660
NFLX,2024-09-03,700.1000,703.8600,671.0100,675.3200,3160964
NFLX,2024-08-30,700.3600,701.8600,688.1600,701.3500,3266723
NFLX,2024-08-29,690.0000,699.8000,686.0700,692.4800,2186974
NFLX,2024-08-28,695.8300,696.6700,677.1000,683.8400,2430583
NFLX,2024-08-27,688.5300,707.8900,686.9200,695.7200,3164878
NFLX,2024-08-26,687.2600,690.5900,681.6376,688.4400,1354154
NFLX,2024-08-23,694.1300,696.0700,678.6300,686.7300,2354450
NFLX,2024-08-22,691.0000,701.5000,686.2400,688.9600,2729389
NFLX,2024-08-21,697.0000,701.0000,691.3800,697.1200,2235343
NFLX,2024-08-20,688.8600,711.3300,688.2450,698.5400,4813118
NFLX,2024-08-19,674.0700,688.8400,672.9100,688.5300,3016227
NFLX,2024-08-16,669.4300,680.2300,665.3600,674.0700,3511014
NFLX,2024-08-15,668.4900,673.1900,659.8000,663.2200,3210173
NFLX,2024-08-14,648.7000,663.5700,648.7000,661.6800,4014344
NFLX,2024-08-13,638.5600,650.9700,635.5000,648.0200,2639571
NFLX,2024-08-12,631.0000,639.0000,627.0700,633.1400,2331712
NFLX,2024-08-09,622.9900,636.6200,622.9900,633.9400,1980836
NFLX,2024-08-08,621.9900,632.2900,616.0200,630.3500,3283542
NFLX,2024-08-07,616.0650,632.0000,610.6400,611.4800,3187791
NFLX,2024-08-06,600.6200,622.4500,600.6200,609.5700,4319057
NFLX,2024-08-05,587.0400,604.5627,587.0400,598.5500,4044235
NFLX,2024-08-02,620.9800,625.2700,608.3500,613.6400,3523003
NFLX,2024-08-01,629.2500,646.7099,617.6100,624.8500,3720573
NFLX,2024-07-31,626.5700,633.5999,622.5800,628.3500,3134877
NFLX,2024-07-30,630.1700,634.6900,617.0001,622.5800,3496609
NFLX,2024-07-29,634.6100,634.6100,623.9300,626.9600,2400537
NFLX,2024-07-26,645.0000,646.9899,629.7700,631.3700,3120659
NFLX,2024-07-25,641.0000,649.9800,621.7001,634.0900,4554539
NFLX,2024-07-24,635.7400,652.4200,632.6744,635.9900,4888163
NFLX,2024-07-23,647.5000,649.9100,641.0001,642.7600,2463579
NFLX,2024-07-22,639.5000,656.2900,632.6000,647.5000,5219077
NFLX,2024-07-19,660.6400,678.9700,629.1201,633.3400,9815631
NFLX,2024-07-18,656.6000,657.0395,639.1650,643.0400,7575763
NFLX,2024-07-17,650.0000,650.4500,639.4700,647.4600,4017277
NFLX,2024-07-16,661.8000,663.6750,649.1300,656.3200,2685706
NFLX,2024-07-15,647.5000,667.5400,646.6300,656.4500,3208763
NFLX,2024-07-12,652.7500,655.9200,643.7075,647.6000,3355197
NFLX,2024-07-11,672.4850,672.4850,647.4400,652.7500,5111928
NFLX,2024-07-10,685.0200,687.2200,673.1600,677.6500,2651928
NFLX,2024-07-09,690.0000,695.2700,684.7200,685.7400,2599474
NFLX,2024-07-08,687.0000,688.8600,681.4850,685.7400,1930786
NFLX,2024-07-05,682.5100,697.4900,677.2300,690.6500,2659065
NVDA,2024-11-22,145.9300,147.1600,141.1000,141.9500,234211654
NVDA,2024-11-21,149.3500,152.8900,140.7000,146.6700,400946570
NVDA,2024-11-20,147.4100,147.5600,142.7300,145.8900,309871654
NVDA,2024-11-19,141.3200,147.1300,140.9900,147.0100,227834912
NVDA,2024-11-18,139.5000,141.5500,137.1500,140.1500,221865993
NVDA,2024-11-15,144.8700,145.2400,140.0800,141.9800,250132869
NVDA,2024-11-14,147.6400,149.0000,145.5500,146.7600,194463301
NVDA,2024-11-13,149.0700,149.3300,145.9000,146.2700,191903267
NVDA,2024-11-12,146.7800,149.6500,146.0100,148.2900,198634738
NVDA,2024-11-11,148.6800,148.8500,143.5700,145.2600,182325620
NVDA,2024-11-08,148.7700,149.7700,146.2600,147.6300,175665830
NVDA,2024-11-07,146.3900,148.9300,146.1700,148.8800,207323303
NVDA,2024-11-06,142.9600,146.4900,141.9600,145.6100,242043945
NVDA,2024-11-05,137.4500,140.3701,137.3300,139.9100,160537373
NVDA,2024-11-04,137.2100,138.9600,135.5700,136.0500,187528173
NVDA,2024-11-01,134.7000,137.3100,134.5700,135.4000,207127838
NVDA,2024-10-31,137.6000,137.6100,132.1106,132.7600,270039641
NVDA,2024-10-30,139.5400,140.3300,136.8100,139.3350,179418082
NVDA,2024-10-29,140.2850,142.2598,138.9000,141.2500,157593634
NVDA,2024-10-28,143.0000,143.1400,140.0500,140.5200,173586745
NVDA,2024-10-25,140.9300,144.1300,140.8000,141.5400,205122109
NVDA,2024-10-24,140.8200,141.3500,138.4600,140.4100,172354888
NVDA,2024-10-23,142.0300,142.4300,137.4600,139.5600,285930038
NVDA,2024-10-22,142.9100,144.4200,141.7800,143.5900,226311589
NVDA,2024-10-21,138.1300,143.7100,138.0000,143.7100,264554514
NVDA,2024-10-18,138.6650,138.9000,137.2800,138.0000,176090184
NVDA,2024-10-17,139.3400,140.8900,136.8700,136.9300,306435921
NVDA,2024-10-16,133.9800,136.6200,131.5800,135.7200,264879720
NVDA,2024-10-15,137.8700,138.5700,128.7400,131.6000,377831021
NVDA,2024-10-14,136.4700,139.6000,136.3000,138.0700,232347668
NVDA,2024-10-11,134.0100,135.7800,133.6600,134.8000,170209474
NVDA,2024-10-10,131.9100,135.0000,131.0000,134.8100,242311337
NVDA,2024-10-09,134.1100,134.5200,131.3800,132.6500,246191612
NVDA,2024-10-08,130.2600,133.4800,129.4200,132.8900,285722485
NVDA,2024-10-07,124.9900,130.6400,124.9500,127.7200,346250233
NVDA,2024-10-04,124.9400,125.0400,121.8300,124.9200,244465552
NVDA,2024-10-03,120.9200,124.3600,120.3401,122.8500,277117973
NVDA,2024-10-02,116.4400,119.3800,115.1400,118.8500,221845887
NVDA,2024-10-01,121.7650,122.4351,115.7900,117.0000,302094485
NVDA,2024-09-30,118.3100,121.5000,118.1500,121.4400,227053651
NVDA,2024-09-27,123.9700,124.0300,119.2600,121.4000,271009175
NVDA,2024-09-26,126.8000,127.6650,121.8000,124.0400,302582868
NVDA,2024-09-25,122.0200,124.9400,121.6100,123.5100,284692948
NVDA,2024-09-24,116.5150,121.8000,115.3800,120.8700,354966772
NVDA,2024-09-23,116.5500,116.9900,114.8600,116.2600,206228490
NVDA,2024-09-20,117.0600,118.6181,115.3901,116.0000,382462428
NVDA,2024-09-19,117.3500,119.6600,117.2500,117.8700,293506438
NVDA,2024-09-18,115.8900,117.7000,113.2200,113.3700,310318937
NVDA,2024-09-17,118.1700,118.8000,114.8300,115.5900,231925876
NVDA,2024-09-16,116.7900,118.1800,114.3600,116.7800,248772308
NVDA,2024-09-13,119.0800,119.9550,117.6000,119.1000,238358328
NVDA,2024-09-12,116.8400,120.7900,115.3800,119.1400,367100496
NVDA,2024-09-11,109.3900,117.1900,107.4200,116.9100,441422370
NVDA,2024-09-10,107.8100,109.4000,104.9500,108.1000,268283736
NVDA,2024-09-09,104.8800,106.5500,103.6900,106.4700,273912015
NVDA,2024-09-06,108.0400,108.1500,100.9500,102.8300,413638098
NVDA,2024-09-05,104.9850,109.6500,104.7600,107.2100,306850696
NVDA,2024-09-04,105.4100,113.2700,104.1200,106.2100,368378810
NVDA,2024-09-03,116.0100,116.2100,107.2900,108.0000,477155100
NVDA,2024-08-30,119.5300,121.7500,117.2200,119.3700,333751583
NVDA,2024-08-29,121.3550,124.4300,116.7100,117.5900,453023305
NVDA,2024-08-28,128.1200,128.3300,122.6400,125.6100,448101115
NVDA,2024-08-27,125.0500,129.2000,123.8800,128.3000,303134573
NVDA,2024-08-26,129.5700,131.2600,124.3700,126.4600,331964672
NVDA,2024-08-23,125.8600,129.6000,125.2200,129.3700,323230332
NVDA,2024-08-22,130.0200,130.7500,123.1000,123.7400,376189076
NVDA,2024-08-21,127.3150,129.3500,126.6600,128.5000,257883572
NVDA,2024-08-20,128.4000,129.8800,125.8900,127.2500,300087415
NVDA,2024-08-19,124.2800,130.0000,123.4200,130.0000,318333577
NVDA,2024-08-16,121.9400,125.0000,121.1800,124.5800,302589872
NVDA,2024-08-15,118.7600,123.2400,117.4700,122.8600,318086673
NVDA,2024-08-14,118.5300,118.6000,114.0700,118.0800,339246407
NVDA,2024-08-13,112.4400,116.2300,111.5800,116.1400,312646660
NVDA,2024-08-12,106.3200,111.0700,106.2600,109.0200,325559870
NVDA,2024-08-09,105.6400,106.6000,103.4300,104.7500,290844157
NVDA,2024-08-08,102.0000,105.5000,97.5200,104.9700,391910023
NVDA,2024-08-07,107.8100,108.8000,98.6900,98.9100,411440423
NVDA,2024-08-06,103.8400,107.7100,100.5500,104.2500,409012089
NVDA,2024-08-05,92.0600,103.4100,90.6900,100.4500,552842375
NVDA,2024-08-02,103.7600,108.7200,101.3700,107.2700,482027464
NVDA,2024-08-01,117.5300,120.1600,106.8104,109.2100,523462326
NVDA,2024-07-31,112.9000,118.3400,110.8800,117.0200,473174182
NVDA,2024-07-30,111.5200,111.9900,102.5400,103.7300,486833274
NVDA,2024-07-29,113.6900,116.2800,111.3000,111.5900,248152068
NVDA,2024-07-26,116.1900,116.2000,111.5800,113.0600,293399073
NVDA,2024-07-25,113.0400,116.6300,106.3000,112.2800,460067019
NVDA,2024-07-24,119.1700,119.9500,113.4400,114.2500,327776884
NVDA,2024-07-23,122.7800,124.6900,122.1000,122.5900,173910983
NVDA,2024-07-22,120.3500,124.0700,119.8600,123.5400,258068943
NVDA,2024-07-19,120.3500,121.6000,117.3700,117.9300,217223800
NVDA,2024-07-18,121.8500,122.4000,116.5600,121.0900,320979530
NVDA,2024-07-17,121.3500,121.8500,116.7200,117.9900,390086189
NVDA,2024-07-16,128.4400,129.0400,124.5800,126.3600,214769515
NVDA,2024-07-15,130.5600,131.3900,127.1800,128.4400,208326164
NVDA,2024-07-12,128.2600,131.9200,127.2200,129.2400,252680535
NVDA,2024-07-11,135.7500,136.1500,127.0500,127.4000,374782738
NVDA,2024-07-10,134.0300,135.1000,132.4200,134.9100,248978569
NVDA,2024-07-09,130.3500,133.8200,128.6500,131.3800,287020820
NVDA,2024-07-08,127.4900,130.7700,127.0400,128.2000,237677322
NVDA,2024-07-05,127.3800,128.8500,125.6800,125.8300,214176689
